{"accuracy": [0.589928150177002, 0.856319785118103, 0.9134219884872437, 0.9392275214195251, 0.9537093639373779], "loss": [1.3916863203048706, 0.45155036449432373, 0.26901525259017944, 0.18751318752765656, 0.13928940892219543], "val_accuracy": [0.806624174118042, 0.8948895931243896, 0.9190757870674133, 0.9471887350082397, 0.9499772191047668], "val_loss": [0.6117039918899536, 0.3312956988811493, 0.2502133548259735, 0.15854622423648834, 0.15526282787322998]}