{"accuracy": [0.9501956105232239, 0.9610925316810608, 0.9677644371986389], "loss": [0.15026052296161652, 0.11786507070064545, 0.09795080125331879], "val_accuracy": [0.9544730186462402, 0.9548144936561584, 0.9511154294013977], "val_loss": [0.14072589576244354, 0.14210167527198792, 0.16756637394428253]}